"store_type","total_sales","order_count","percentage_of_total_sales"
"Local",4200344.269999824,"78319",65.01947512674856
"Mall Kiosk",705645.9000000048,"13128",10.92308703623104
"Outlet",508029.41000000044,"9201",7.8640710055781105
"Super Store",1045045.1900000072,"19263",16.176838223200342
"Web Portal",1067.7700000000002,"43",0.016528608250506865
